name	label
273	other
6455	other
1759	other
1785	AD
26052	other
2060	other
673	other
1837	other
1821	other
1756	other
1605	other
369	other
2923	AD
3836	other
26986	other
22808	other
7534	AD&PD
7531	other
58513	other
1487	other
2317	other
2316	other
2887	other
29979	AD
5663	AD
3709	other
1793	other
2274	other
10014	AD
8470	AD
2885	other
29993	other
6456	PD
10133	AD
22895	other
8844	other
5094	other
3739	other
6548	HTN
3688	AD
6645	other
4842	AD&PD&HTN
10605	other
1975	other
1981	PD
3303	HTN
23163	AD
6616	AD
3265	other
351	AD&PD&HTN
9863	other
8491	other
4734	PD
30011	other
1387	other
2318	other
51517	other
5195	HTN
5193	other
2475	AD&HTN
207	AD&PD&HTN
5170	other
6198	AD
3667	AD&HTN
3798	other
3799	other
3800	AD
3064	other
5898	other
5333	other
3146	AD&HTN
1956	AD&HTN
3320	AD&HTN
1615	other
2058	other
5310	other
1674	other
5573	other
7249	AD&PD&HTN
4291	other
27101	other
29959	other
322	AD
10971	HTN
53616	other
6427	other
2561	other
5048	other
7529	other
7532	AD
7533	PD
7164	other
57403	other
64283	other
6810	other
8773	other
1432	AD&HTN
10043	other
672	AD
3984	HTN
1072	other
5894	AD
1147	other
1613	other
2891	AD
2892	AD
29763	other
4783	other
3276	other
405	other
40	PD
41	other
3028	AD
1859	AD
1742	AD&PD
2066	AD&PD&HTN
1740	PD
1741	other
9228	other
215	other
225	other
5825	other
10484	other
10015	other
55824	other
2512	other
2495	other
3251	other
10342	other
210	HTN
3855	other
10935	AD&PD
2783	other
65263	other
9531	PD
10574	other
10534	other
3936	other
2197	other
10550	HTN
6342	other
5093	other
5295	HTN
7905	other
954	other
5584	other
55746	other
10675	other
2547	other
2280	AD&PD
6640	other
3842	other
387	AD&HTN
824	AD
6804	other
1495	other
3736	HTN
5058	AD
3503	other
2934	AD&HTN
7332	PD
3500	AD
3612	other
2108	other
259217	other
23499	other
260425	other
50618	other
55187	other
25831	other
3547	other
5799	other
5362	other
23037	other
26037	AD
23026	AD
23129	other
1951	other
1173	other
22883	AD
221981	other
23025	other
20	AD
22995	other
57453	other
23228	other
5365	other
23113	PD
9439	other
27148	other
57556	other
10580	HTN
57571	other
57670	other
4645	other
57610	other
23031	other
815	AD
4035	AD
1600	AD
10006	other
6457	other
57787	AD
3178	AD
6294	other
1459	other
1460	PD
1457	other
6449	other
3646	other
2243	HTN
10989	other
23193	other
6747	other
4670	other
7916	HTN
5859	other
5684	other
708	other
529	other
10212	other
7919	AD
6210	other
10189	other
1838	other
1642	other
11117	HTN
1994	AD
23517	other
26019	other
6499	other
3184	other
5976	other
23248	other
11331	other
5493	other
142	AD&PD&HTN
4998	other
4172	other
4999	other
4175	other
348	AD&PD&HTN
4684	AD
1804	other
4685	other
1272	AD&PD
4099	other
4340	other
5621	AD&HTN
1191	AD&PD&HTN
5034	other
3897	other
8404	other
334	AD
3309	AD&HTN
10539	HTN
58512	other
22839	other
1739	PD
4750	other
11127	other
10617	other
26994	PD
10228	PD
10482	other
5869	other
5868	AD
7334	other
7316	other
7431	AD
7251	other
9146	other
55666	other
667	other
9135	AD
164	other
4214	AD
4216	other
10598	other
375	other
29924	other
161	AD
5063	other
7454	other
65125	HTN
43	AD&PD
4130	other
4915	AD&PD&HTN
23095	other
8887	other
10376	other
2036	other
3708	AD
3326	other
576	other
5757	other
28964	other
51631	other
1213	other
1400	other
1937	other
57562	other
9001	other
1891	other
114928	other
55660	other
3837	other
29117	other
4747	AD&PD
5764	other
10980	other
4738	other
3306	other
80347	other
1399	other
1398	other
4217	PD
2810	other
1627	AD
2010	other
2194	other
355	AD&PD&HTN
34	other
1174	other
3643	HTN
5335	other
2017	other
28988	other
50807	other
23390	other
2045	other
2048	other
2051	other
2049	other
9379	other
9369	other
4301	PD
3556	AD
10987	HTN
10458	other
1612	AD
23405	other
4478	other
1499	AD&HTN
10469	other
22800	AD
5315	other
9463	other
1947	other
9693	other
163	other
4297	other
274	AD
6453	AD
23263	other
392	other
57576	other
10188	other
23607	AD
867	other
774	other
19	AD&HTN
3761	other
2903	AD&PD
2904	AD&PD
133957	other
146691	other
11059	other
23327	HTN
29978	other
5211	other
221935	other
23352	other
55252	other
23002	other
1729	other
26036	other
55596	other
11100	other
51755	other
114793	other
10486	other
10564	other
55729	other
11190	other
1009	other
1464	other
3915	AD
23420	other
2324	other
26168	other
4881	HTN
5097	other
23705	AD
3911	other
1284	other
5499	other
161742	other
23368	other
54843	other
22871	other
10494	other
2801	other
81876	other
5861	other
9990	other
6558	AD&HTN
9943	other
6867	other
2905	other
2906	other
324	PD
22938	other
1080	AD&HTN
23513	other
5797	other
11122	other
10076	HTN
5802	other
5792	HTN
5786	other
5789	other
5791	PD
5793	other
5803	other
5787	other
5795	other
5798	other
23647	other
3831	AD&HTN
10755	other
10287	other
5536	other
26354	other
6774	HTN
3315	HTN
3848	other
5305	other
9844	AD
9815	other
9138	HTN
682	AD&HTN
408	other
6261	other
27131	other
23394	AD
47	other
9759	other
5290	AD
29760	other
2773	other
10487	other
1856	other
2335	HTN
5336	other
3716	other
1832	other
5216	other
9588	AD
5321	AD
4666	other
91404	other
9821	AD
57655	other
71	other
506	HTN
6711	other
961	HTN
4580	PD
5142	other
3635	AD
527	other
1523	other
9158	other
6262	other
1982	other
10961	other
56252	other
3939	other
998	other
4638	other
5164	other
3096	other
394	other
5600	other
10163	HTN
10142	AD
5575	other
5924	other
5594	AD&HTN
10592	other
55845	AD
2037	other
6655	AD
9644	HTN
1471	AD&HTN
70	other
226	other
1410	AD
3704	other
55048	other
63916	other
2534	AD
5881	other
6654	other
5576	other
1063	other
11113	other
5879	AD&HTN
7813	other
9584	other
5747	AD
2273	HTN
808	other
801	AD
9738	other
5781	other
1434	other
3190	other
4067	other
6184	other
8546	other
9696	other
3732	other
51429	other
8476	other
10627	other
88	other
22983	other
5682	other
5683	other
5685	other
5687	HTN
5690	other
5689	PD
5691	other
5693	other
5694	other
5695	other
6311	PD
4904	other
2932	AD&PD
10657	other
2261	other
1933	other
1936	other
10093	other
56893	other
11316	other
1363	AD
1915	other
5708	PD
6176	other
55183	other
7917	HTN
10382	other
5217	other
2597	AD
10094	other
4354	other
51608	other
11051	other
10399	AD
3336	other
56992	other
4860	AD
4905	PD
5050	other
10606	other
5515	other
5717	other
6117	other
293	other
7276	AD&PD&HTN
1114	HTN
1743	AD
5720	other
7277	other
170961	other
197131	other
23028	other
54622	other
403	other
51593	other
509	other
22948	other
55755	other
1160	other
2661	other
6613	other
51726	other
2026	AD
55186	other
2819	other
2950	AD&PD&HTN
3163	AD&PD&HTN
10236	other
2079	other
3312	AD&PD
81631	HTN
2975	other
5601	other
4140	other
6182	other
65080	other
4715	other
4831	AD
4832	other
11165	other
5049	other
26135	other
25843	other
8575	other
6136	other
25873	other
3921	AD&HTN
6230	other
6421	AD
11075	other
10273	AD
7083	other
9638	other
7336	other
54874	other
213	other
217	AD&HTN
306	other
3728	other
481	HTN
78987	other
4700	other
3039	HTN
546	other
613	other
22913	other
284403	other
1008	other
1345	other
1508	AD&PD
10540	other
1783	other
2059	other
23474	other
116985	other
55512	AD
2290	other
2521	other
2771	other
2804	other
22927	other
3189	other
11078	other
23199	other
10724	other
57489	other
23286	AD
4043	AD
8669	other
28985	other
192111	other
4356	other
10398	other
4714	other
4809	other
25934	other
56144	other
27043	other
10397	other
5424	other
5481	AD
5498	other
4841	other
6165	other
6133	other
3092	other
6189	AD
6275	HTN
6279	HTN
8878	AD&PD
6853	AD
7114	other
10155	other
60626	other
7314	AD
51168	other
22985	other
55004	other
52	other
309	other
396	HTN
25978	AD&PD
10072	other
4709	other
25791	other
55207	other
826	other
4026	other
7542	other
5955	other
642	AD
4646	HTN
7203	other
9231	other
5660	other
1123	AD
26289	other
3703	other
25874	other
157285	other
8655	other
10570	other
4733	other
8894	other
2286	other
335	AD&PD&HTN
55262	other
10658	AD
51280	AD
23521	other
2936	other
311	other
3308	AD&PD&HTN
57095	other
10994	other
3735	other
3757	AD&HTN
10615	other
57658	other
3857	other
114088	other
22981	other
51660	other
51025	other
23162	other
23039	other
4191	other
2901	other
2788	other
4190	other
10769	other
1967	other
64965	other
4673	other
3991	other
55968	other
23435	AD&PD
6767	other
79885	other
112840	other
4731	other
6284	other
10419	other
6601	other
23140	other
23761	other
4893	other
23654	other
57143	other
11021	other
4218	other
4192	other
55638	other
6204	other
22984	other
5478	other
6429	other
1314	other
112476	PD
27067	other
29888	other
26960	other
79735	other
7280	other
1855	AD
65991	other
55324	other
10476	AD
254863	other
11170	other
10949	other
4649	other
58477	AD
1952	other
1639	other
54505	other
51412	other
57017	other
10059	AD&PD&HTN
1857	other
23136	other
2053	AD&HTN
55160	other
10681	other
10490	other
124801	other
10211	AD
2873	HTN
10817	other
50861	other
57498	AD
11345	other
10916	other
6142	other
4141	other
11031	other
23450	other
4701	other
4857	other
11146	other
51594	other
6092	other
6194	AD
10209	other
55229	other
5127	other
2632	other
9796	other
8394	other
3191	other
5223	AD
5662	other
9230	other
22924	other
5713	other
5867	AD
10156	other
57003	other
58478	other
6734	other
29062	other
23558	other
257218	other
28966	other
26100	other
10440	other
79577	other
7317	other
11171	other
2170	AD&HTN
6197	other
6195	other
4869	other
641	AD
572	other
6002	other
26003	other
11083	other
11235	other
23265	other
10313	AD&PD
2992	other
2947	AD&HTN
11007	other
56474	other
3854	other
8996	HTN
26505	other
26060	AD
3866	other
26086	other
386618	other
1073	other
4591	other
2130	other
10328	other
8907	other
3983	other
60491	other
60	PD
27229	other
149371	other
3183	other
11252	other
10483	other
5300	AD&PD&HTN
3880	HTN
22954	other
57144	other
1781	other
10054	other
8623	other
51729	other
11052	other
10152	other
327	other
10743	PD
158471	other
5704	PD
26128	other
23410	AD&HTN
10919	other
1854	other
11180	other
23392	other
54474	other
140885	other
11034	other
5528	other
2670	AD&PD
56341	other
11135	other
1731	other
10521	other
81628	other
10320	other
153733	other
1602	other
5372	other
66036	other
23710	other
11020	other
5635	other
55198	other
10900	other
51421	other
541468	other
127703	other
55885	other
389	HTN
27095	other
4698	other
10428	other
1525	other
140735	other
2954	other
23157	other
6271	other
3853	other
10921	other
56243	other
5152	other
26276	other
10982	other
1315	other
285527	other
1454	other
10007	other
664	other
57596	other
57142	AD
1995	other
1996	AD&PD
55577	other
6990	other
5932	other
27316	other
1780	AD
7360	other
10127	other
22978	other
443	other
54472	AD
5631	other
1488	other
23237	AD
10456	other
339965	other
1153	other
10016	other
23204	other
445	other
26353	AD
51760	other
57120	other
5706	other
2107	other
3875	HTN
5725	other
2752	AD
2580	PD
23636	other
84864	other
1453	AD
9093	other
140576	other
54906	other
95	other
8440	AD
5700	PD
9513	other
4830	AD
5701	other
11216	other
216	PD
8027	other
8379	other
6921	other
10670	other
51160	other
6717	other
2941	PD
8829	other
8615	other
56850	other
9253	other
80725	other
25758	other
23266	other
50944	other
22941	other
2917	other
6513	AD
87	other
4624	other
26058	PD
6531	AD&PD
5586	other
4137	AD&PD
202333	other
5566	AD
7163	other
7165	other
6300	other
6536	HTN
5831	other
2033	other
6093	HTN
59338	other
2893	AD
8497	other
8541	other
55914	other
9223	AD
6249	other
23085	other
9699	other
22866	other
57554	HTN
8874	other
1386	AD&PD
7461	other
23332	other
9266	other
160622	other
2697	other
55333	other
2895	other
2894	other
8678	AD
3066	AD
11177	other
9031	other
1973	other
320	AD
10207	other
2911	AD
2915	AD&PD
57555	other
114569	other
80852	other
2902	AD
7415	AD
3099	other
3507	other
51706	other
5479	other
58155	other
10432	other
23543	other
26278	other
7337	other
11047	other
1155	other
23287	other
3420	other
54039	other
51286	other
54749	AD
2664	other
4942	other
5100	other
3925	AD
23112	other
3615	other
2023	AD&PD
23152	other
23633	other
10659	AD
5582	other
10640	other
54535	other
57060	other
7874	other
23072	AD
5178	other
27429	AD&PD
7112	other
23090	other
54880	other
54550	other
6923	other
6282	other
6285	AD&PD&HTN
4627	HTN
26355	other
5413	other
23176	other
7178	HTN
177	AD&PD&HTN
6622	AD&PD
5062	other
3055	other
7158	other
121504	other
5527	other
5728	AD&PD&HTN
3791	AD&HTN
7422	AD&PD&HTN
9479	AD
5525	other
4952	other
22794	other
81565	other
10492	other
2770	other
2321	HTN
7074	HTN
2247	HTN
1948	other
208	other
5160	HTN
55770	other
2803	other
30820	HTN
2743	other
7143	other
23365	other
23396	other
1020	AD
9039	other
476	HTN
23043	other
26146	other
64753	other
55763	AD
26127	other
51361	other
55704	other
3797	other
401145	other
23040	other
22906	other
9659	other
8499	other
58533	other
8658	other
8536	AD
23048	other
286	AD
4641	other
4647	other
6714	AD
8204	AD&PD
2043	other
1969	other
51199	other
51637	other
11315	PD&HTN
5605	AD
10664	other
8666	other
9131	AD
5037	AD&HTN
4134	other
9672	other
5163	AD
491	other
6708	other
6709	other
1509	AD&HTN
10048	AD
6857	other
27340	other
3845	other
26519	other
472	other
1965	AD
317	other
5501	other
5590	other
2648	other
5218	other
4155	AD
115703	other
85358	other
5364	other
54434	other
1968	other
5530	AD
10049	other
3856	other
2596	other
80854	other
8350	other
2314	other
5518	other
1062	other
7248	other
26056	other
4716	other
5921	other
59	HTN
5688	other
23092	other
8125	other
8661	other
5580	PD
5066	other
7001	AD&PD
5052	AD
2821	other
5500	other
65266	HTN
10787	other
25875	other
23242	other
5588	other
29127	other
27	other
1271	other
11248	other
114784	other
1795	AD
6137	other
357	other
610	other
57148	other
445815	other
22999	other
23114	other
11176	other
23230	other
10021	other
2533	other
2550	AD
23013	other
2571	AD&PD
171023	other
25924	AD
287	other
26275	other
2639	other
2556	other
10427	other
462	HTN
6396	other
4606	other
1737	other
8454	HTN
5692	PD
5591	HTN
10938	other
2242	HTN
8736	other
1445	HTN
2794	other
79837	other
9648	other
5870	AD
253260	HTN
5599	AD&HTN
6793	other
9748	other
56957	other
9625	other
27347	PD&HTN
10808	other
10963	other
10135	HTN
55576	other
5908	other
8675	other
9378	other
9475	HTN
9040	other
6597	HTN
817	other
9184	other
3181	AD
8294	other
8359	other
8362	other
8368	other
8370	other
5138	other
8314	other
3636	HTN
4628	other
54822	AD&HTN
140803	HTN
6336	other
11140	other
53918	other
64219	other
55212	other
229	other
23077	HTN
350	HTN
575	other
3476	other
3267	other
6845	other
8065	other
8851	AD&PD&HTN
22853	other
10801	other
346288	other
55752	other
5864	other
6812	AD
6280	AD
2931	AD
5911	other
2029	other
259	other
2	AD
1337	other
1892	other
2271	HTN
2098	other
23020	other
3956	HTN
1645	other
5595	AD&HTN
5213	other
1655	other
3697	other
3337	HTN
57132	other
23542	other
30819	other
23376	other
7321	other
7322	other
26046	other
7323	other
50488	other
1654	other
5587	other
1000	AD
4659	other
3815	other
10726	other
6786	other
6493	other
57524	other
515	other
2224	other
10058	other
27034	other
51056	other
51079	other
51386	other
64943	other
6158	other
6201	other
55611	other
57169	other
6218	other
6143	other
3182	other
6159	other
6224	other
63893	other
196403	other
23295	other
55823	other
3093	other
23321	other
23609	other
54708	other
7335	other
9456	AD&PD
4643	other
3778	HTN
57030	AD
23281	other
219771	PD
51466	other
55740	other
775	AD&PD&HTN
10314	other
116986	other
9826	other
152185	other
84445	other
58497	other
353	other
5571	other
51422	other
10749	other
5562	PD
121441	other
6009	other
9353	AD
9049	other
22836	other
10395	other
3691	other
7159	AD
599	AD
22919	other
3240	AD&PD&HTN
5581	AD
3655	other
200576	other
1540	PD
23256	other
5710	other
6500	PD
10910	other
388	HTN
26227	other
11230	other
3141	other
1282	other
7052	AD&PD&HTN
26523	other
55803	other
1267	AD
150209	other
2288	AD&PD&HTN
26230	other
5610	AD
81488	HTN
10856	other
5204	other
7410	other
26130	other
51652	other
3185	other
6733	other
57448	other
10576	other
869	other
4976	HTN
51720	other
382	other
5569	other
1131	AD&HTN
57502	other
3843	other
5901	AD
10154	other
8482	other
7054	PD&HTN
171024	other
4215	other
1436	other
6772	AD&HTN
4082	other
10243	AD
2870	other
4846	AD&HTN
23164	other
55177	other
3020	other
3021	other
5019	other
126003	other
51295	other
54536	other
2193	other
84171	other
25959	other
26057	other
310	other
25839	other
10466	other
22859	other
22872	other
23345	other
23086	other
23384	other
11335	other
23580	other
9578	other
4512	other
1730	other
8924	other
8888	other
56924	other
9743	other
5910	other
9349	other
6146	other
152503	other
8976	other
25930	other
282974	other
147179	other
5604	AD
4294	PD
11064	other
8349	other
136319	other
5602	AD
11221	other
4208	AD&PD
22837	other
23301	other
23236	other
23229	other
2125	other
283234	other
3895	other
3913	other
54477	other
5339	other
22874	other
140710	other
23387	other
50649	other
57514	other
51742	other
5903	other
4509	other
3069	other
4513	other
3097	other
6744	other
23108	other
64926	other
55835	other
11346	HTN
54737	other
10105	other
773	other
23504	AD
10549	other
10130	other
51222	other
8202	other
9126	other
109	other
116931	other
10452	AD&PD
27445	other
116984	other
129807	other
1002	other
27005	other
29	other
1128	AD
23203	other
1786	AD
221692	other
10125	other
10579	other
23191	other
2332	PD&HTN
26999	other
3054	AD
3912	other
439	other
375790	AD
25822	other
3339	AD
3996	other
4145	other
1954	other
375056	other
6160	other
5730	AD
6426	other
7450	HTN
6293	other
7407	other
7385	other
347733	other
7102	other
55149	other
10728	AD
54954	other
5585	other
3417	other
23479	other
3801	other
254122	other
1329	other
64210	other
1641	other
23208	PD
1808	AD
54623	other
90423	other
55739	other
5354	other
7170	other
3329	other
54793	other
4798	other
4691	PD
4000	AD
120892	AD&PD
12	AD&PD
128	other
156	AD
158	other
162	other
2046	other
230	AD
2730	other
2969	other
3176	AD&PD
479	other
535	other
6191	other
7372	other
1025	other
10810	other
1452	other
1610	other
1620	PD
1845	other
1983	other
2263	other
2617	other
2673	other
2746	other
2776	AD
2879	HTN
2898	other
2935	other
3101	other
3295	other
3419	other
4001	PD
4008	other
427	other
4363	other
5027	AD
5108	other
53826	other
5494	other
5516	other
55624	other
5567	other
5578	HTN
5589	other
5609	other
5629	AD
5716	other
6122	other
6155	other
6156	other
6168	other
64754	other
6638	other
8926	other
6776	HTN
7247	other
8317	other
8904	other
10055	other
10102	other
10131	other
10146	other
10383	other
10636	other
11336	other
11344	other
165215	other
22908	other
25793	PD
25932	HTN
26229	other
26470	other
26575	HTN
27161	other
29968	other
30844	other
30846	other
3981	other
4706	other
51218	other
5214	other
54413	other
54732	other
55161	other
55737	PD
55738	other
56681	other
57118	other
6167	other
65982	other
81839	other
84172	other
84867	AD
85458	other
10180	other
10319	other
10730	other
11151	other
373156	other
51715	other
55157	other
146223	other
27339	other
11224	other
53335	other
847	HTN
37	HTN
103	other
2710	other
3718	other
4794	other
636	other
5830	other
722	AD
712	PD
10891	AD&PD&HTN
10959	other
1374	other
2268	other
2548	other
2778	AD&HTN
3033	other
3304	HTN
3313	AD&PD
338	AD&HTN
3418	other
4519	other
4535	AD&PD&HTN
4736	other
654364	other
4924	other
5447	other
5565	other
6128	HTN
6203	other
6135	other
6235	other
6648	AD&HTN
7018	AD&PD&HTN
7430	other
7965	other
9667	other
9961	other
10061	other
10240	other
10247	other
10295	PD
10498	other
10541	other
10960	other
10970	other
10972	AD
10999	other
11080	other
11197	other
11273	other
11334	other
2040	other
2157	HTN
23131	other
23243	other
23530	other
23637	other
23644	other
25777	other
26873	other
27165	AD
55753	other
56904	other
57568	PD
59343	other
131474	other
283820	other
51284	other
254427	other
39	other
6232	other
7295	AD
8050	other
8029	other
51719	other
23550	other
6723	other
5579	other
1630	other
5192	other
6737	other
130507	other
27130	HTN
51693	other
338699	other
388135	other
23309	other
23293	other
58494	other
152404	other
83700	other
257194	other
4045	other
5818	other
50863	other
57019	AD&PD
6844	other
10092	other
1778	AD
10439	other
1465	other
5537	other
10945	other
55636	other
9958	other
8237	other
4637	other
3014	other
9647	other
7145	other
3632	other
5532	other
5534	AD
205	PD
301	other
307	other
1302	other
221184	other
2132	other
2244	AD&PD&HTN
3032	other
23646	AD
10381	PD
1397	other
3301	other
1428	other
79020	other
6166	other
10423	other
55349	HTN
154661	other
1455	other
10120	other
118	HTN
11004	other
1291	other
23317	PD
11253	other
2745	AD
126374	other
23205	other
11033	AD
1622	other
11258	other
22820	other
3155	other
282991	other
1152	AD
3611	HTN
3628	other
64837	other
3792	other
2823	other
10857	other
1211	other
79137	other
79567	other
5909	other
5606	other
4726	other
6885	other
440193	other
10939	other
23224	other
4232	other
22920	other
5297	other
4695	other
127281	other
23589	other
4650	other
23258	other
3280	other
10890	other
5162	other
51109	other
22980	PD
58525	other
51617	AD
10575	other
522	HTN
871	other
129285	other
22870	other
53358	other
116987	other
523	other
1974	other
3692	other
221037	other
23046	other
55558	other
5531	other
6187	other
23137	other
6642	AD&HTN
57418	other
1501	AD
10426	other
54914	other
7311	other
51440	other
5153	other
7267	other
5630	other
2768	HTN
814	AD
151742	other
989	other
29110	other
23109	other
3963	other
1977	other
10528	other
1108	other
10250	other
10923	other
11168	other
11333	other
10270	other
51100	AD
8301	AD&PD
8291	HTN
7840	other
154796	other
22852	other
178	other
23111	other
5927	other
11198	other
26973	other
6872	other
23348	other
8165	other
1293	other
1665	other
23196	other
10933	other
4621	other
27031	other
129446	other
2027	other
5962	other
5837	HTN
23122	other
2631	other
474383	other
83737	other
644150	other
64101	other
22854	other
57689	other
8522	AD
11130	other
84629	other
51735	other
5783	other
128866	other
7094	other
10979	AD
152485	other
1181	other
5327	AD&HTN
55243	other
58517	AD
23451	other
3188	other
6428	AD
23524	other
10594	other
4236	other
9984	other
57805	other
1660	other
55082	other
9532	PD
3187	other
9444	other
81892	other
6386	other
2744	other
5519	other
5529	other
112755	PD
56254	other
23011	other
91010	other
54585	other
117177	other
816	other
23047	other
2560	other
2562	other
714	other
9229	AD
3964	other
8659	other
9788	other
9493	other
2665	other
79705	PD
57506	other
10768	other
22826	other
1656	AD
2257	other
6434	other
64963	other
6432	other
55421	other
167691	other
55832	other
25901	other
115704	other
64783	other
3781	other
57606	other
51645	other
10767	other
10369	other
80206	other
9611	other
4131	other
10645	other
147746	AD
2185	AD&HTN
26750	other
23012	other
166614	other
2047	other
283455	other
140469	other
26270	other
26091	other
3159	AD
317719	other
10113	other
27072	PD
26578	other
27342	other
26286	other
83605	other
4651	other
4069	HTN
29927	other
3094	other
23019	other
108	other
3305	HTN
1846	other
51701	other
5563	other
5156	other
5294	other
5291	other
9459	HTN
3927	other
115948	other
22832	other
125113	other
266553	other
10455	other
55818	other
23001	other
3685	AD&HTN
55361	other
84681	other
9972	other
55054	AD
25830	other
8452	HTN
153090	other
2281	other
10075	other
25814	other
120	other
103910	other
115	other
23216	other
23527	other
140807	other
27247	PD
1182	other
3192	other
116988	other
4868	HTN
8826	other
26012	other
2011	other
5906	other
27141	other
9601	other
821	other
56886	other
348980	other
57731	other
23708	other
157922	other
57521	other
10297	other
64601	other
57617	other
23339	other
5317	other
11188	HTN
90550	other
51062	other
23380	other
23116	other
152789	other
139818	other
23328	AD
27068	other
10952	other
4163	other
54187	other
7187	other
2235	other
4538	other
8567	AD
6794	AD
27248	other
1917	AD
23017	other
57026	other
1012	HTN
3161	other
4046	other
4853	HTN
5245	other
54897	HTN
9687	other
11311	other
54828	AD
23221	other
57402	other
6768	other
200734	HTN
116442	PD
23023	other
10529	other
22921	other
10690	other
4438	other
9361	other
4644	other
65059	other
9181	other
8079	other
51495	other
200424	other
5709	other
10294	other
10869	other
80755	other
5634	other
488	HTN
2781	other
3300	other
5431	other
2774	other
1384	other
2782	other
2021	PD
23770	other
10672	other
4157	PD
7260	other
192669	other
4128	AD&HTN
5202	other
5875	other
55466	other
122402	other
4129	AD&PD
26958	other
7266	other
55226	other
134492	other
10391	other
10044	other
23371	other
2785	other
23673	other
23186	other
10565	other
116841	other
3737	other
4204	other
288	AD
214	other
57488	other
6710	other
54014	other
84300	other
10507	AD
57532	other
7525	other
10100	other
151056	other
2173	other
51185	other
132320	other
55748	other
56899	other
10818	other
1158	other
8650	AD
10367	other
2983	HTN
157807	other
4957	other
54806	other
1728	AD&PD
1500	other
22824	other
1277	other
4916	other
51699	other
6643	other
3482	AD
23307	other
6814	other
4210	AD
57698	other
123283	other
10652	other
23201	other
10460	other
9666	other
125115	other
25977	other
64147	other
143884	other
64978	other
23288	other
151011	other
3881	other
340371	other
159989	other
11332	other
5702	other
5715	HTN
10213	other
3281	other
5966	other
6252	other
128178	other
55964	other
7024	AD
10005	other
30000	other
114824	other
8573	other
4355	other
4253	other
3149	other
8664	other
27243	other
79720	other
5577	other
79959	other
1678	other
3860	other
9470	other
28952	other
8674	other
23786	other
3954	other
25885	other
9500	other
53615	other
3382	other
3050	other
3045	other
5834	other
3945	other
127829	other
139341	other
1278	other
7168	HTN
1327	AD
6050	other
3852	other
2997	other
3851	other
1312	AD&PD&HTN
5110	AD
6843	AD
358	AD&HTN
767	other
200081	other
3849	other
402	other
1069	other
26580	other
221	other
4839	other
2949	other
539	other
9278	other
1013	other
53822	other
5912	other
29761	PD
1984	other
23549	other
54726	other
5129	other
2039	other
374454	other
55697	other
2912	AD
23181	other
5332	other
27124	other
10290	other
5711	other
57096	other
112802	other
29094	other
51248	other
114327	other
284656	other
84312	other
79026	other
23334	other
148281	other
57213	other
338785	other
57674	HTN
23254	other
10434	other
51382	other
201562	other
54543	other
30818	AD
9911	other
348110	other
124995	other
118881	other
319101	other
9454	other
6832	other
23127	other
284069	other
64398	other
25953	other
55074	other
133746	other
25940	other
64419	other
118812	other
79571	other
23143	other
64744	other
114971	other
23107	other
1794	AD
2800	other
57326	other
94121	other
51015	other
55127	other
23503	other
10611	HTN
55698	other
130813	other
151393	other
116835	other
26051	other
4735	other
5318	other
6897	other
146395	other
84260	other
56165	other
55156	other
63908	other
57381	other
79843	other
140460	other
4599	AD
53944	other
22931	other
56895	PD
57715	other
55337	other
51571	other
54927	other
25813	AD&HTN
54834	other
11163	other
27430	other
51256	other
55917	other
553115	other
58473	other
27343	other
27125	other
8890	other
4012	AD&HTN
23270	other
26232	other
9100	other
6687	other
80342	other
55521	other
22864	other
26985	other
9640	other
11196	other
51143	other
498	AD
23433	other
4282	AD&HTN
3796	other
9753	other
8767	other
8574	other
9810	other
5860	other
2539	other
1503	other
7414	AD
528	AD
191	other
6240	other
4144	other
9782	other
271	other
8514	other
196051	AD
9852	other
81704	other
84959	other
9832	other
79763	other
54438	other
4815	AD
26040	other
8777	other
23534	other
23581	other
7082	other
54734	other
8448	other
2944	AD&PD&HTN
547	other
85376	other
3839	other
11069	other
8481	other
29855	other
220988	other
28958	other
4440	AD
5119	other
27183	other
79643	other
26133	other
80781	AD&HTN
55614	HTN
221178	other
1264	other
192666	other
200844	other
57795	other
10276	other
148753	other
421	other
166647	other
30845	other
83604	other
80184	other
4133	AD
10380	other
5756	other
10612	other
23154	other
463	PD
8030	AD
29944	other
196374	other
115817	other
27132	other
112939	other
152206	other
89	other
2686	other
340527	other
148252	other
23294	other
54785	other
11178	HTN
3885	other
22841	other
342574	other
55346	other
6627	other
55719	AD
23233	other
10920	other
5814	other
3868	other
23780	other
29965	other
5887	other
53916	other
642938	other
84305	other
51350	other
3299	other
143098	AD
114991	other
3886	other
388336	other
11011	other
8618	other
121391	other
199953	other
29982	other
5414	other
3892	other
728116	other
5705	other
27239	other
5836	other
23251	other
3888	other
104	other
123591	other
84376	other
4741	AD
23170	other
25999	other
9119	other
150962	other
64599	other
56947	other
7458	other
8175	other
22905	other
55342	other
29119	AD&HTN
23598	other
84823	other
8087	other
10447	other
26049	other
83892	other
55735	other
28956	PD
131034	other
51560	other
1809	other
151963	other
145773	other
25824	PD
5983	AD
147906	other
400673	other
784	other
10651	other
29941	other
55128	other
26031	AD
7411	other
22890	other
23762	other
51668	other
54676	other
51678	other
8689	other
126133	other
347	AD
2239	other
145567	other
84516	other
5833	other
56997	AD
23544	other
51534	other
387849	other
2957	other
81	other
23244	other
3608	other
3046	other
284119	other
259173	other
5524	AD
57414	other
31	other
134829	other
80851	other
65009	other
80212	other
401647	other
3861	other
197322	other
3241	AD
3882	other
8453	other
23657	other
8883	other
23052	other
25801	other
154043	PD
122961	other
26507	other
149111	other
220164	other
3012	other
93974	PD
10827	other
23151	other
375567	other
51741	AD&PD&HTN
9238	other
402117	other
6726	HTN
5873	AD
9079	other
126006	other
64434	other
79711	other
2572	AD&PD
54769	other
23349	other
60484	other
57826	other
51101	other
23138	other
64854	other
9559	other
2110	other
116151	other
93380	other
23066	other
255057	AD
26515	other
493856	other
51606	other
513	other
27065	other
112936	other
219738	AD&PD
51075	other
51805	other
10471	other
57709	other
55800	other
79901	other
3310	other
374618	other
23428	other
4259	other
55260	other
54923	other
56616	other
55327	other
284992	other
65055	other
1159	other
3208	PD
22885	other
157378	other
4696	other
51552	other
444	other
501	other
10424	other
29850	other
51024	AD
51308	other
116228	other
59353	other
10159	HTN
11022	other
9260	other
140823	other
57863	other
4074	other
55833	other
286205	other
345557	other
27236	other
388662	other
55040	other
3779	HTN
1727	other
127833	other
9283	other
3018	AD&HTN
192683	other
1819	other
100287932	other
11112	other
26207	other
55506	PD
810	other
144100	HTN
10804	other
1350	AD
548596	other
51028	other
23788	other
51170	other
4722	AD
84557	PD
9610	other
8341	other
149699	other
28973	other
5714	other
9255	other
5780	other
2590	AD
283635	other
23548	other
26024	other
5533	other
23304	other
4729	PD
114134	PD
132204	other
114801	other
4713	other
125988	other
55680	other
54994	other
51125	other
246269	other
90701	AD
144165	other
55326	other
2946	other
5636	other
347734	other
23505	other
56894	other
727	other
480	other
114900	other
10147	other
2741	AD
7171	other
55308	other
3145	other
144402	other
284439	other
29843	other
64168	other
9341	other
23426	other
84215	other
8398	PD
55105	other
23177	other
25796	other
64130	other
54915	other
29966	other
25925	other
9218	other
11259	other
10536	other
5096	other
63826	other
9217	other
9605	other
84313	other
2824	other
28992	other
51090	other
64786	other
91156	other
4308	other
55075	other
57530	other
9141	other
221424	other
64422	other
26063	other
133121	other
6059	other
30833	other
7169	other
57460	other
8665	other
25852	other
56111	other
723790	other
1429	other
10056	other
54332	other
51138	other
9391	other
378	other
54768	other
60682	other
3712	other
60370	other
7920	other
163259	other
55379	other
5917	other
4336	AD
534	other
54940	other
117159	other
5224	other
124044	other
6231	other
361	HTN
8940	other
1186	other
6855	AD
26011	other
3609	HTN
284111	other
80380	other
23234	other
577	other
51164	other
10814	other
5426	other
6563	other
126298	other
8879	AD
6272	AD
342667	other
1738	other
57471	other
5250	other
10493	other
80221	other
2152	HTN
55364	other
3043	other
50814	other
26027	other
80731	other
7019	AD
7781	AD&PD
7184	other
30	other
5007	other
114876	AD
2817	AD
4892	other
83473	other
115207	other
55532	AD
57553	HTN
3098	AD
8815	other
93986	other
9026	PD
6778	HTN
22891	other
9448	other
3416	AD&PD
6877	other
6418	AD
8828	other
203068	other
51807	other
6647	AD&PD&HTN
7453	other
55847	other
84628	other
6091	other
51067	other
54205	AD
783	AD&HTN
9478	other
83547	other
7283	other
5923	other
8662	other
782	other
23466	other
777	other
5073	other
81832	other
7222	HTN
9368	other
9798	other
9817	other
7037	PD
10765	other
2890	AD
4928	other
79834	other
818	AD
5095	other
7514	other
6907	other
389941	other
5654	AD&HTN
3075	AD&PD&HTN
4756	other
2775	other
10815	PD
4040	AD
5338	AD&HTN
8841	other
7535	other
9780	other
55269	other
337	other
952	PD
3035	other
65217	other
4907	HTN
56288	other
23417	HTN
738	other
745	other
6301	HTN
23268	AD
790	other
51393	other
6730	other
6132	other
6157	other
79697	other
129049	other
51209	other
9367	other
8565	other
222236	HTN
51542	other
55275	other
8339	other
8346	other
2913	other
316	other
57599	other
8001	other
6521	AD&HTN
1105	other
57580	other
5091	other
7779	AD
10965	other
2987	other
4776	other
4898	AD
51592	other
6472	other
23218	other
81550	other
55037	other
5686	other
2150	HTN
54106	AD&PD&HTN
55357	other
84656	other
27145	other
2909	other
10411	other
10235	other
1266	other
1209	other
140679	other
128869	other
3269	AD
11138	other
22844	other
114786	other
2977	other
6641	other
6507	AD&HTN
80331	other
23197	AD
2918	other
6861	other
5718	other
6529	other
1175	other
160	other
246213	other
3710	other
30968	other
321	AD
6324	other
54893	other
6305	other
5754	other
199223	other
114882	other
6130	other
781	other
5707	other
3009	other
3030	HTN
219	other
131873	other
259266	other
10525	other
200162	other
6147	other
10988	other
11160	other
6238	other
10723	other
201595	other
6813	other
302	HTN
203	other
10111	other
28512	other
54499	other
392843	other
55582	other
7284	other
257160	other
1431	other
30849	other
6950	other
811	AD&HTN
5064	other
112	other
256309	other
132299	other
10694	other
55814	other
51347	other
10613	other
55133	other
6217	other
51635	other
127795	other
728621	other
6129	other
6124	other
23284	other
23408	AD
58508	other
2802	other
197358	other
6594	other
60488	other
7873	other
3785	other
23406	other
6209	PD
79048	other
8803	other
2245	other
23033	other
55341	other
55681	other
5611	other
3780	other
387680	other
10330	other
6202	other
6152	other
51434	other
10788	HTN
23395	other
6193	other
57136	other
285313	other
2805	other
53904	other
23331	other
51520	other
440279	PD
55700	other
7419	other
2266	AD&PD
4967	AD
170690	other
4723	other
56776	AD
115361	other
10908	other
203238	other
10973	other
65084	other
51704	other
345651	other
114294	other
292	other
253559	other
9554	other
55130	AD
401024	other
6188	other
23353	other
22915	PD
2899	other
4353	AD&HTN
56954	other
440	other
6223	other
7417	other
51097	other
23075	other
22884	other
6389	other
829	HTN
56666	HTN
57716	other
6576	other
5042	other
253959	other
55973	other
10322	other
84717	other
25782	other
3024	other
3005	other
3006	AD&HTN
3008	other
2713	other
2319	other
3015	other
222950	other
3321	other
54862	other
3007	other
10121	other
8345	other
8243	other
6741	other
7153	other
8467	other
11076	other
8085	other
157680	other
55862	other
114880	other
1653	other
8831	other
138311	other
6904	other
7343	other
57597	other
284217	AD
25851	other
23310	other
23215	AD
4629	other
4882	other
6144	other
114789	other
26094	other
4522	AD
10763	other
4926	other
57631	other
1629	other
317772	other
27133	other
27044	other
6125	other
23481	other
8342	other
8340	other
166785	other
7586	other
4139	AD
55870	other
23187	other
79784	other
64324	other
63917	other
1307	other
7175	other
4437	other
832	other
22907	other
11313	other
492	HTN
549	other
114827	other
221061	PD
25989	other
5858	AD
55749	HTN
55605	other
6949	other
23271	other
23316	other
286046	other
10514	other
84251	other
27127	other
2581	other
8331	other
3752	other
23211	other
6139	other
6329	other
146177	other
79776	other
1767	other
8338	other
111	other
1662	other
22994	other
6444	HTN
283742	other
22990	AD
134957	other
115098	other
149465	other
54520	other
127731	other
477	HTN
23303	other
6840	other
23381	other
57526	other
79811	other
4076	other
1828	AD
146754	other
143471	other
129684	other
54821	other
145508	other
1763	other
28981	other
7155	other
23	other
57496	other
79915	other
80243	other
51555	other
142678	other
115701	other
22865	other
10178	other
10527	other
221400	other
55619	other
286410	other
80201	other
5905	other
56164	other
55975	other
10343	other
7011	other
23347	other
23560	other
7342	other
49855	other
115827	other
57337	other
57538	AD
100653515	other
51673	other
54832	other
57092	other
6624	other
23335	other
23523	other
58499	other
55930	other
1769	other
51065	other
5980	other
24149	other
26160	other
2182	other
26059	other
11041	other
23041	other
161436	other
80144	other
56851	other
6101	other
23416	other
6141	other
4430	other
54948	other
133558	other
79925	other
255626	other
50809	other
5168	HTN
65268	other
118427	other
132001	other
374654	other
221322	other
85235	other
2050	HTN
3908	other
2042	other
6138	other
10097	other
1657	AD
8761	other
5464	other
6936	other
10129	other
256957	other
152100	other
57455	other
55799	other
2181	other
8892	other
6566	other
5550	other
65078	AD
10128	other
10079	other
374291	other
102	AD
122553	other
6326	other
7846	other
1268	AD&PD&HTN
55907	other
6520	other
10296	other
10497	PD
10752	other
10943	other
131096	other
16	other
2044	other
2180	other
21	other
22843	other
22849	other
23049	other
23195	other
23161	other
33	other
353274	other
399687	other
4121	other
440730	other
57551	other
6207	other
65244	other
6712	other
7110	other
7204	other
80232	other
85444	other
8997	AD
9318	other
9472	other
9467	other
9631	other
1528	other
8842	other
57128	other
2109	other
3148	other
7879	AD&PD
5430	other
90678	AD
399473	other
4625	AD
5141	other
4594	other
2674	AD
7038	other
54795	other
84665	other
1958	AD
2035	other
308	HTN
2897	other
6181	other
90249	other
5144	HTN
6854	other
5880	other
5999	AD
57680	other
30811	other
3758	other
80196	other
64225	other
10587	other
56946	other
2177	AD
5306	other
115557	HTN
8408	other
6604	other
5411	other
400	other
3074	AD
5337	other
51366	other
7290	other
27089	other
3832	other
81624	other
4744	AD
9342	other
10499	other
7223	HTN
85456	other
6729	other
3745	other
7706	other
7257	other
23423	other
11276	other
1537	other
8411	other
9912	other
23431	AD
6742	other
6634	other
4983	other
57510	other
6134	other
9781	other
5331	other
377	other
6506	AD&PD
975	other
6011	other
3376	other
8502	other
80223	other
23209	other
9064	other
1130	other
7402	other
8396	other
51377	other
1901	AD&HTN
4836	other
10067	other
63967	other
326624	other
8451	other
391	other
2784	AD&HTN
2786	other
8239	other
4261	other
128312	other
131118	other
6792	other
79813	other
6196	other
27327	AD
64397	other
22933	AD&PD
1993	other
8216	other
8861	other
4775	other
8914	other
6621	other
675	other
545	AD
22930	other
60592	other
55201	other
7994	other
55193	other
23325	AD
5603	other
2629	AD&PD&HTN
6416	other
131405	other
57602	other
8893	PD
23285	other
54539	other
4900	AD&PD
399909	other
51474	other
57519	other
3786	HTN
823	AD&PD
2287	other
176	other
55215	other
9354	other
23145	other
51667	other
58	other
3268	other
3706	other
85365	other
2554	other
2555	other
79876	other
92815	other
6683	other
23061	other
5289	other
9101	other
10444	other
1362	other
50813	other
23024	other
84678	other
55236	PD
5286	other
9690	other
7347	other
5878	other
5872	other
55728	other
55140	other
8537	other
54331	other
23373	AD
9092	other
9343	other
9312	other
2900	other
84962	other
30851	other
10953	other
58485	other
22878	other
7109	other
113246	other
57646	other
9097	other
7345	AD&PD
1456	AD
7520	other
223	other
483	other
3948	other
25927	other
54549	other
54875	PD
152330	other
283871	other
345630	other
5116	other
6390	PD
2566	AD
80128	other
81027	other
3746	other
11001	other
5526	other
54861	other
4858	other
9143	other
9522	other
9870	other
6335	other
23592	other
1636	AD&PD&HTN
224	other
261726	other
657	other
90	other
2876	PD&HTN
3502	AD
80142	AD
1938	AD
10554	other
38	HTN
55291	other
22902	other
91526	other
283373	other
7871	other
283638	other
57648	other
6801	other
85379	other
60673	other
79594	other
56888	HTN
161725	other
9256	other
200933	other
7799	other
5036	other
5813	AD
23500	other
51479	other
65108	other
8450	other
9978	other
123879	other
57657	other
8473	HTN
8428	AD
8266	other
51400	other
117	other
80014	other
23362	other
8500	other
8495	other
23279	other
259232	other
57122	other
55857	other
256714	other
9786	other
79848	other
24137	other
3070	other
55920	other
5981	AD
54443	other
29028	other
55705	other
201161	other
7515	AD&PD&HTN
55320	other
54856	other
22992	other
5504	other
254048	other
59345	other
57507	AD
84687	other
80124	other
23389	HTN
57634	other
2020	PD
113157	other
65250	other
170692	other
249	AD
57221	other
23255	PD
54566	other
256158	AD
114780	other
5719	other
6164	other
23094	other
57084	AD
6651	other
55100	other
64848	other
25921	other
64793	other
54939	other
57650	other
5862	other
57662	other
343099	other
60412	AD
7798	other
6391	other
11231	other
23102	other
55831	AD
23597	other
10632	other
23322	other
79598	other
9201	other
4677	other
8682	other
9784	other
9851	other
54839	other
9053	other
91978	other
9731	other
10096	other
10844	other
57584	other
525	other
9662	other
286077	other
9567	other
89796	other
84726	other
25914	other
6731	other
23336	other
9414	other
10238	other
23269	other
22998	PD
132884	other
36	other
4676	other
285636	other
25900	other
8518	other
51070	other
9733	other
57520	other
7156	other
4856	HTN
9732	other
80005	other
22911	other
89910	other
873	other
11343	other
8897	other
9110	other
54468	other
55717	other
10409	other
285513	PD
23167	AD
57513	other
114787	other
57181	other
119	HTN
10160	AD
57224	other
23225	other
1650	PD
3872	other
23155	other
81846	other
4642	HTN
9683	other
254102	other
10350	other
490	AD&HTN
23385	AD
644	AD&HTN
1212	other
132864	other
2739	other
54867	other
7750	other
5236	other
6888	other
166336	other
115286	other
2530	other
152007	other
4660	other
5520	other
55844	other
7803	other
26504	other
54805	other
5522	other
10693	other
4697	other
6233	other
6599	other
8148	other
79073	other
494115	other
440915	other
53981	AD
6229	other
84448	other
57572	other
23314	other
58489	other
63891	other
23603	other
391634	PD
5361	other
6847	other
5358	other
79884	other
255252	other
25912	other
23670	other
11261	other
23250	other
27020	other
26000	other
124739	other
257407	other
29091	other
26084	other
25963	other
219287	other
139065	other
29801	other
199731	other
1176	other
10239	other
57216	other
3493	other
4728	other
4725	other
4720	other
8604	other
7388	other
1340	other
4719	other
7384	other
4528	other
4702	other
514	other
2926	other
4704	other
83858	other
64756	other
25902	AD
139322	other
84749	other
641371	other
89941	other
65260	other
84908	other
29920	other
51204	other
81570	other
28976	other
56993	PD
55699	other
55210	other
29078	other
10165	AD
28957	other
26517	other
537	other
64423	other
55852	other
79789	AD
57620	other
53407	other
23078	other
8443	other
51	other
84263	other
84129	PD
83752	other
284273	other
10901	other
50640	other
5357	other
57482	other
55854	other
55860	AD
57609	other
11217	other
11152	other
6874	other
4774	other
57459	other
64682	other
8295	other
26098	other
3916	other
23180	other
813	other
8766	other
6727	HTN
64121	other
6183	HTN
56896	other
25994	AD
23074	other
10845	other
56945	other
3029	other
51649	other
6185	other
51234	other
54901	other
23065	other
65992	PD
80279	other
23344	other
81542	other
55255	other
23382	other
131544	other
23165	other
23223	other
81611	other
441400	other
84450	other
83696	other
57614	other
23355	other
8417	other
8724	other
8813	other
526	other
8775	other
9321	PD
9296	other
65082	other
6154	other
6170	other
6161	other
23511	other
5442	other
6175	other
6173	other
56922	PD
54881	HTN
6745	other
7057	HTN
381	other
1468	other
10620	other
23036	other
65993	other
51663	other
26010	other
253943	other
23478	other
133686	other
26509	other
27175	other
23060	AD
6341	other
345778	other
26520	other
11222	other
1632	other
10449	other
23438	other
117145	other
200205	other
219927	other
326625	other
26589	other
10884	other
4724	other
4200	other
51559	other
50	AD
51073	other
29088	other
50808	other
51081	other
51116	other
9804	other
1200	other
80777	other
5106	other
91452	other
374986	other
54996	other
84886	other
55218	other
51566	other
94081	other
7386	other
92609	other
9377	other
7416	AD&PD
84303	other
55848	other
51651	other
9968	other
9969	other
10109	other
57180	other
6935	other
57187	other
57082	other
6525	HTN
586	other
2767	other
221092	other
23071	HTN
23576	HTN
54148	other
521	other
231	other
25941	other
9612	other
55585	other
221613	other
51780	other
11169	PD
57175	other
143425	other
7732	other
26090	other
4763	other
1595	other
285172	other
1717	other
22979	other
23007	other
26050	other
26608	other
64343	other
57410	other
83990	other
56926	other
26953	other
84630	AD
471	other
1666	other
140465	other
83658	other
22	other
1356	AD&PD&HTN
291	other
372	other
54976	other
57619	other
347688	other
57608	AD
285590	other
22848	PD
55604	other
5230	other
116443	other
8787	other
113201	other
63976	HTN
4811	other
3514	other
9211	other
5593	other
7991	other
79443	other
8802	other
5865	other
6327	HTN
4547	other
889	other
83715	other
713	PD
563	HTN
5179	other
779	other
9762	PD
830	other
8525	other
9853	other
10396	other
8867	AD&PD
8745	other
8986	other
8754	AD
9632	other
4897	other
8871	other
9793	other
9898	other
9320	other
26047	AD
8853	other
9806	other
9820	HTN
9758	other
85445	other
966	other
9765	other
9858	other
23277	other
8533	other
9948	AD
7486	other
988	other
4978	other
84258	other
90627	other
8898	other
9774	other
607	other
8723	other
8078	other
752	other
8621	other
9849	other
57724	other
6560	other
63971	other
3738	AD
9043	other
7162	HTN
3858	other
9868	PD
9585	other
9590	other
7381	other
63897	other
129138	other
81873	other
8991	other
9550	other
8880	PD
9446	AD&HTN
9551	other
79641	other
84966	other
6227	HTN
6234	other
9706	other
8975	other
785	other
84141	other
9842	PD
9568	other
8562	PD
4817	other
9839	other
9620	other
8895	other
9362	other
7812	other
90850	other
79948	other
7786	other
7841	other
23659	other
7511	HTN
8891	other
93145	other
51196	HTN
84152	other
29789	other
874	other
8607	other
6447	other
8402	other
9069	other
8479	other
4048	other
90990	other
25836	other
57719	other
4062	other
4694	PD
6515	AD
81618	other
9789	other
79187	other
8508	other
5226	other
9535	other
79684	other
9482	AD
51250	other
9900	other
4542	other
9694	other
9779	other
84816	other
4707	PD
9825	PD
6505	AD
9787	other
84457	other
63894	other
91782	other
8834	other
8667	other
3887	other
9265	other
8825	other
57497	other
57622	other
9351	other
55607	other
3766	other
8647	other
84833	other
8933	other
8913	AD
7857	HTN
9495	other
8968	other
83478	other
9775	other
3751	other
55691	AD
85459	other
9892	AD
9901	other
55690	other
84033	other
8668	other
79699	other
64218	other
9208	other
9209	other
54625	other
8506	other
9757	other
18	other
8601	other
56138	other
6000	other
987	other
29934	AD
3000	other
9054	other
94137	other
9324	other
90134	other
51762	other
8570	other
8288	other
7546	other
85439	other
2914	other
85300	other
8663	other
57468	other
8938	other
8943	other
84894	PD
80700	other
7108	other
8455	other
3700	other
80727	other
2038	other
53353	other
93664	other
9185	other
53840	other
89970	other
55915	other
23096	other
94274	other
8672	other
9689	other
9859	other
64223	other
80303	PD
9545	other
84952	other
3909	other
89795	other
721	other
4540	PD
9931	other
84451	other
4820	other
6942	other
55088	other
81567	other
55966	other
5549	other
7301	other
9203	other
5067	other
8120	other
85369	other
5128	other
80059	other
64072	other
83595	other
65249	other
8425	other
84991	other
80131	other
90523	other
645	other
762	other
9529	other
81609	other
5538	other
5445	AD&PD&HTN
81929	other
6205	other
8760	other
9380	other
57406	other
53343	other
8407	other
9397	other
6208	other
8526	other
9771	other
84284	other
64847	other
84134	other
51069	other
91	HTN
718	AD&PD&HTN
6169	other
6494	other
6400	other
1723	other
55362	other
79634	other
55970	other
81037	other
79874	other
90102	other
5613	other
9657	other
56948	other
6451	other
83442	other
6900	other
7167	AD
2184	other
5165	other
5341	other
54704	other
85440	other
617	other
81533	other
221545	other
2806	other
80150	other
6611	other
23446	other
84433	other
6678	other
23358	PD
84524	other
23367	other
92140	other
9669	other
9967	other
6222	other
9987	AD
48	AD
487	other
83992	other
908	other
4626	other
5510	other
11141	other
6653	AD
57338	other
9879	other
9829	PD
79176	other
8936	AD
93643	other
7412	HTN
7064	other
79969	other
94134	other
6334	AD&PD
91754	other
79012	other
5583	other
80216	other
84254	other
3645	other
389840	other
80028	other
54938	HTN
3742	other
386617	other
57626	PD
9628	other
8799	other
9344	other
354	other
9411	other
25821	other
80207	other
670	other
51133	other
87178	other
9352	other
57623	HTN
339122	other
9118	other
7922	other
8539	other
8577	other
7111	other
7464	other
84617	other
6620	PD
51059	PD
91833	other
25880	other
55515	other
83447	other
83548	other
9783	other
55631	other
2009	other
633	HTN
1762	other
284434	other
124997	other
23507	other
349667	other
57679	other
79442	other
64743	other
8036	other
9515	other
6228	other
9045	other
9755	other
26154	other
84932	other
9910	other
51493	other
57644	other
9722	other
84790	other
84940	other
85865	other
9600	other
9570	HTN
8520	other
9465	other
160418	other
759	other
4619	other
55118	other
79718	other
85397	other
3889	other
9703	other
9861	other
51144	other
79707	other
9524	other
63027	other
79065	other
80017	other
84866	other
57624	other
83692	other
84340	other
91137	other
9108	other
94005	other
388695	other
84299	other
56925	other
65008	other
56181	other
83733	other
64083	other
80262	other
81617	other
9455	other
84532	other
50804	other
9462	other
9908	other
9373	other
9747	other
80224	other
25960	other
80333	other
2584	other
9701	other
29919	other
53919	HTN
9754	other
8671	HTN
9922	other
642968	other
84435	other
8480	other
5459	other
3933	other
80856	other
9811	other
7125	other
90957	other
9415	other
92399	other
83451	other
23616	other
9847	other
80222	other
57505	other
8785	other
81532	other
7447	AD
63875	other
780776	other
9854	other
9028	other
83452	other
56853	other
79188	AD
115811	other
5832	AD
84502	other
345079	other
78999	other
9556	other
5874	other
757	other
80298	other
64748	other
64840	other
92737	other
64757	other
9751	other
84668	other
94097	other
89792	other
57130	other
950	PD
9071	other
83988	other
9145	other
64766	other
9917	other
9555	other
254263	other
81539	other
8224	PD
91663	other
64795	other
51727	other
81563	other
80820	other
84124	other
5313	other
64800	other
65267	other
9525	other
9497	HTN
55530	other
747	other
6876	other
54873	other
8731	other
6102	other
9685	other
79791	other
83660	other
6323	other
9521	other
55610	other
6748	other
84623	other
9801	other
5121	HTN
51313	other
6833	other
27032	AD
57106	other
79832	PD
57165	other
6509	other
23518	other
81490	other
7466	other
85461	other
79674	other
54497	other
57101	other
8776	other
9856	other
57528	other
55754	other
84293	other
9962	other
4648	AD
9737	other
83394	other
83657	other
9652	other
9162	other
493	other
85452	other
29953	other
84948	other
5334	other
55176	other
9700	other
6206	other
4705	other
6533	HTN
339829	other
8899	other
51449	other
341883	other
6738	other
84250	other
7818	other
9498	AD
3508	other
55589	other
55102	other
57683	other
6263	AD
9897	other
84910	other
54928	other
800	other
55345	other
374864	other
460	other
80164	other
29957	other
9761	other
339766	other
9828	other
60312	other
654790	other
94239	other
79747	other
84643	other
55567	other
57537	other
6764	other
9651	other
79180	other
341640	other
9401	other
94160	other
24	other
83889	other
57486	other
85441	other
64478	AD&HTN
387597	other
84364	other
85417	other
79633	other
85476	other
9066	other
9745	other
8504	other
80000	other
84896	other
343990	other
6508	other
57578	AD
201625	other
729993	other
9581	other
92255	other
80724	other
85442	other
9914	other
63929	other
90381	other
80728	other
83449	other
4712	other
85477	other
8632	other
54617	other
53349	other
63892	other
489	other
54627	other
7368	other
60684	other
84162	other
7357	AD
8140	other
26115	other
283450	HTN
28316	other
282973	other
387104	other
53917	other
57476	HTN
80003	other
89853	other
9371	other
93377	other
9891	AD
9445	AD
3696	other
80208	other
5136	other
5902	other
9276	other
84100	other
540	AD
6917	other
7224	other
793	PD
392862	other
85236	other
57605	other
7087	other
760	AD
1476	other
9950	other
85464	other
6623	other
7263	other
833	other
80155	other
3324	HTN
57447	AD
7881	other
9196	other
9267	other
154810	other
51761	other
8774	other
90580	other
93185	other
219793	other
7399	other
9946	other
9114	other
59269	PD
92675	other
9927	HTN
201475	other
6388	other
9919	other
9735	other
901	other
79640	other
79585	other
54509	other
84446	other
79092	other
94030	other
9824	other
9658	other
646875	other
729708	other
653162	other
728953	other
643949	other
54921	other
23053	other
57470	other
58527	other
23370	other
8653	PD
84461	other
83481	other
4710	other
51031	other
23412	other
55750	other
51441	other
51337	other
440073	other
22821	other
79870	other
482	other
8209	other
29767	other
54788	other
80315	other
726	other
57464	other
57037	AD
6632	other
10840	other
79572	other
92521	other
57446	other
6575	other
5099	AD
57465	other
55144	other
8613	other
6542	other
79143	other
55612	other
9772	other
64285	other
63895	other
57512	other
90167	other
84631	other
8540	other
83939	other
54664	AD
79861	other
55667	other
9875	other
64432	other
64969	other
57451	other
55714	HTN
92259	other
79896	other
54534	other
55347	other
55217	other
55967	AD
740	other
84274	other
7923	other
8801	AD
81689	other
1347	other
9736	other
94104	other
91683	other
6526	other
5101	other
9527	other
6836	other
9537	other
56255	other
9024	other
90362	other
7053	AD
64087	other
375449	other
9520	AD
81855	other
84125	other
8284	other
56907	other
27255	other
266727	other
26045	other
402665	other
59283	other
5304	other
145581	other
57706	other
